,dataset,model,wall_time,process_time
0,1000,CTGAN,35.76080211694352,773.76446366
0,1645,CTGAN,58.26315444218926,1276.3089341109999
0,2705,CTGAN,92.0410781421233,1970.506282894
0,4449,CTGAN,133.68882567295805,2841.437389454
0,7318,CTGAN,235.6508029990364,4998.319377515999
0,12036,CTGAN,391.39304807200097,8381.872623661
0,19797,CTGAN,656.4096067831852,13995.505608259999
0,32561,CTGAN,1092.1412895750254,23228.794789384003
