,dataset,model,classifier,wall_time,process_time,f1_none,accuracy_score
0,census,CTGAN,BinaryDecisionTreeClassifier,4657.262687022099,9217.974040071,[0.32173351 0.87498212],0.7888781509221229
0,census,CTGAN,BinaryAdaBoostClassifier,4657.262687022099,9217.974040071,[0.50896437 0.96499922],0.9346561166143191
0,census,CTGAN,BinaryMLPClassifier,4657.262687022099,9217.974040071,[0.49974847 0.96232348],0.9299247000080535
