,dataset,model,classifier,wall_time,process_time,f1_none,accuracy_score
0,credit,CTGAN,BinaryDecisionTreeClassifier,5091.302178262966,17233.132017567004,[0.93516919 0.02166065],0.878396569776138
0,credit,CTGAN,BinaryAdaBoostClassifier,5091.302178262966,17233.132017567004,[0.96879506 0.04866562],0.9395722191753503
0,credit,CTGAN,BinaryMLPClassifier,5091.302178262966,17233.132017567004,[0.97360463 0.05677656],0.9486463578800419
