,dataset,model,classifier,wall_time,process_time,accuracy_score,f1_micro,f1_macro
0,intrusion,CTGAN,BinaryDecisionTreeClassifier,8396.551560722059,16748.64476591,0.991950402479876,0.991950402479876,0.9878801598801106
0,intrusion,CTGAN,BinaryMLPClassifier,8396.551560722059,16748.64476591,0.992060396980151,0.992060396980151,0.9880376289224376
