,dataset,model,classifier,wall_time,process_time,f1_none,accuracy_score
0,credit,CTGAN,BinaryDecisionTreeClassifier,4865.375214212108,16973.200122283,[0.93622557 0.01959184],0.8802413122600589
0,credit,CTGAN,BinaryAdaBoostClassifier,4865.375214212108,16973.200122283,[0.96149758 0.03883495],0.9259610111183129
0,credit,CTGAN,BinaryMLPClassifier,4865.375214212108,16973.200122283,[0.96028244 0.03894472],0.9237174053946253
