,dataset,model,wall_time,process_time
0,1000,CTGAN,31.77671359013766,683.8507453489874
0,1645,CTGAN,48.9230752279982,1050.1396167360072
0,2705,CTGAN,82.23050906998105,1763.703609172022
0,4449,CTGAN,134.9559689089656,2875.0797707949823
0,7318,CTGAN,236.44978176499717,5017.551830398996
0,12036,CTGAN,403.41498964093626,8579.537039699993
0,19797,CTGAN,660.0900873250794,14033.346120200003
0,32561,CTGAN,1101.9006055789068,23469.72037687499
