,dataset,model,classifier,wall_time,process_time,r2_score
0,news,CTGAN,MLPRegressor,934.8978935729247,3095.6194627310033,0.009277090450516723
0,news,CTGAN,LinearRegression,934.8978935729247,3095.6194627310033,0.012111968742525514
