,dataset,model,wall_time,process_time
0,1000,CTGAN,32.13170019793324,697.283418402978
0,1645,CTGAN,48.812066693091765,1045.1947579850093
0,2705,CTGAN,82.2151593840681,1774.832140441984
0,4449,CTGAN,130.5792134620715,2787.547970268992
0,7318,CTGAN,228.30633445014246,4858.016622881987
0,12036,CTGAN,393.52814906509593,8409.802588760998
0,19797,CTGAN,660.1324860299937,14055.64946303799
0,32561,CTGAN,1103.650769130094,23481.566530081036
