,dataset,model,classifier,wall_time,process_time,f1_none,accuracy_score
0,census,CTGAN,BinaryDecisionTreeClassifier,4460.790094592026,9927.208567723,[0.375      0.90775185],0.8392325038254007
0,census,CTGAN,BinaryAdaBoostClassifier,4460.790094592026,9927.208567723,[0.46269223 0.9699157 ],0.9430216638479504
0,census,CTGAN,BinaryMLPClassifier,4460.790094592026,9927.208567723,[0.49799769 0.96990423],0.9432129338809696
