,dataset,model,classifier,wall_time,process_time,f1_none,accuracy_score
0,adult,CTGAN,BinaryDecisionTreeClassifier,2511.4726824541576,39277.531589321,[0.60535681 0.85362973],0.7864599168946995
0,adult,CTGAN,BinaryAdaBoostClassifier,2511.4726824541576,39277.531589321,[0.60518591 0.89684264],0.8364244451200973
0,adult,CTGAN,BinaryLogisticRegression,2511.4726824541576,39277.531589321,[0.63164381 0.81945179],0.7576771055031924
0,adult,CTGAN,BinaryMLPClassifier,2511.4726824541576,39277.531589321,[0.54394359 0.8851107 ],0.8164589034154252
