,dataset,model,classifier,wall_time,process_time,accuracy_score,f1_micro,f1_macro
0,covtype,CTGAN,BinaryDecisionTreeClassifier,13019.380910654902,23346.340016623,0.46875593732188037,0.46875593732188037,0.3104521494980008
0,covtype,CTGAN,BinaryMLPClassifier,13019.380910654902,23346.340016623,0.45474635760927173,0.45474635760927173,0.2588293952257596
