,dataset,model,classifier,wall_time,process_time,f1_none,accuracy_score
0,adult,GRF_R_version,BinaryDecisionTreeClassifier,66.52704529100001,89.82450299999999,[0.66333735 0.85962519],0.8018648018648019
0,adult,GRF_R_version,BinaryAdaBoostClassifier,66.52704529100001,89.82450299999999,[0.65043394 0.90696779],0.8530455052194182
0,adult,GRF_R_version,BinaryLogisticRegression,66.52704529100001,89.82450299999999,[0.65823606 0.84461153],0.7863585689672646
0,adult,GRF_R_version,BinaryMLPClassifier,66.52704529100001,89.82450299999999,[0.65111896 0.90438376],0.8499037194689368
