,dataset,model,classifier,wall_time,process_time,accuracy_score,f1_micro,f1_macro
0,mnist28,gen_rf,BinaryDecisionTreeClassifier,343.3557171339635,1616.428191332,0.0017,0.0017,0.0019323671497584538
0,mnist28,gen_rf,BinaryLogisticRegression,343.3557171339635,1616.428191332,0.4468,0.4468,0.22495821438624353
0,mnist28,gen_rf,BinaryMLPClassifier,343.3557171339635,1616.428191332,0.5738,0.5738,0.2953610157541113
