,dataset,model,classifier,wall_time,process_time,accuracy_score,f1_micro,f1_macro
0,covtype,gen_rf,BinaryDecisionTreeClassifier,707.5683219779748,7067.931956342999,0.3028909132726018,0.3028909132726018,0.11942280037141223
0,covtype,gen_rf,BinaryMLPClassifier,707.5683219779748,7067.931956342999,0.6248212553623391,0.6248212553623391,0.4334043170080019
