,dataset,model,classifier,wall_time,process_time,f1_none,accuracy_score
0,adult,GRF_R_version,BinaryDecisionTreeClassifier,40.25390345800042,49.46826599999997,[0.65607143 0.86373284],0.8048038917604134
0,adult,GRF_R_version,BinaryAdaBoostClassifier,40.25390345800042,49.46826599999997,[0.64474002 0.9058273 ],0.8511198945981555
0,adult,GRF_R_version,BinaryLogisticRegression,40.25390345800042,49.46826599999997,[0.66452811 0.85612917],0.7986216681868856
0,adult,GRF_R_version,BinaryMLPClassifier,40.25390345800042,49.46826599999997,[0.64294244 0.90383997],0.8484848484848485
