,dataset,model,classifier,wall_time,process_time,accuracy_score,f1_micro,f1_macro
0,mnist12,gen_rf,BinaryDecisionTreeClassifier,224.7592328749597,831.144222863004,0.3915,0.39149999999999996,0.18105472934892
0,mnist12,gen_rf,BinaryLogisticRegression,224.7592328749597,831.144222863004,0.5367,0.5367,0.27853619933488843
0,mnist12,gen_rf,BinaryMLPClassifier,224.7592328749597,831.144222863004,0.8495,0.8495,0.8475269694019417
