,dataset,model,classifier,wall_time,process_time,accuracy_score,f1_micro,f1_macro
0,intrusion,gen_rf,BinaryDecisionTreeClassifier,399.7246410169173,2914.93906297,0.9997600119994,0.9997600119994,0.9996352551357652
0,intrusion,gen_rf,BinaryMLPClassifier,399.7246410169173,2914.93906297,0.9949702514874257,0.9949702514874257,0.9924108083533226
