,model,classifier,wall_time,process_time,f1_none,accuracy_score
0,GRF_R_version,BinaryDecisionTreeClassifier,40.155659458999935,49.59988799999999,[0.65448906 0.85607638],0.7967974054930577
0,GRF_R_version,BinaryAdaBoostClassifier,40.155659458999935,49.59988799999999,[0.66589381 0.906556  ],0.8539576365663322
0,GRF_R_version,BinaryLogisticRegression,40.155659458999935,49.59988799999999,[0.65722106 0.84256452],0.784230262491132
0,GRF_R_version,BinaryMLPClassifier,40.155659458999935,49.59988799999999,[0.64817449 0.90435679],0.8495996756866322
