,dataset,model,classifier,wall_time,process_time,accuracy_score,f1_micro,f1_macro
0,intrusion,gen_rf,BinaryDecisionTreeClassifier,397.9417006049771,2922.2158317979997,0.9997600119994,0.9997600119994,0.9996352551357652
0,intrusion,gen_rf,BinaryMLPClassifier,397.9417006049771,2922.2158317979997,0.9949702514874257,0.9949702514874257,0.9924108083533226
