,dataset,model,classifier,wall_time,process_time,accuracy_score,f1_micro,f1_macro
0,covtype,gen_rf,BinaryDecisionTreeClassifier,743.830557529116,7513.070110303999,0.30498085057448276,0.30498085057448276,0.11313343406281645
0,covtype,gen_rf,BinaryMLPClassifier,743.830557529116,7513.070110303999,0.5995520134395969,0.5995520134395969,0.4238979671972789
