,dataset,model,classifier,wall_time,process_time,accuracy_score,f1_micro,f1_macro
0,mnist12,gen_rf,BinaryDecisionTreeClassifier,201.91379361506552,858.1456612119999,0.3915,0.39149999999999996,0.18105472934892
0,mnist12,gen_rf,BinaryLogisticRegression,201.91379361506552,858.1456612119999,0.5367,0.5367,0.27853619933488843
0,mnist12,gen_rf,BinaryMLPClassifier,201.91379361506552,858.1456612119999,0.8495,0.8495,0.8475269694019417
