,dataset,model,classifier,wall_time,process_time,accuracy_score,f1_micro,f1_macro
0,mnist12,Identity,BinaryDecisionTreeClassifier,0.008211018983274698,0.008201805001590401,0.8431,0.8431000000000001,0.840666390401599
0,mnist12,Identity,BinaryLogisticRegression,0.008211018983274698,0.008201805001590401,0.8636,0.8636,0.8616495748619034
0,mnist12,Identity,BinaryMLPClassifier,0.008211018983274698,0.008201805001590401,0.934,0.934,0.9333018762940144
