,dataset,model,classifier,wall_time,process_time,accuracy_score,f1_micro,f1_macro
0,mnist28,Identity,BinaryDecisionTreeClassifier,0.055405682884156704,1.2654364480004006,0.8651,0.8651,0.8632270818892096
0,mnist28,Identity,BinaryLogisticRegression,0.055405682884156704,1.2654364480004006,0.9144,0.9144,0.9132513886924627
0,mnist28,Identity,BinaryMLPClassifier,0.055405682884156704,1.2654364480004006,0.9652,0.9652,0.9648792345397995
