,dataset,model,classifier,wall_time,process_time,accuracy_score,f1_micro,f1_macro
0,intrusion,Identity,BinaryDecisionTreeClassifier,0.019062862964347005,0.8546913810005208,0.9999600019999,0.9999600019999,0.999939215672147
0,intrusion,Identity,BinaryMLPClassifier,0.019062862964347005,0.8546913810005208,0.99990000499975,0.99990000499975,0.9998480229732356
