,dataset,model,classifier,wall_time,process_time,f1_none,accuracy_score
0,adult,Identity,BinaryDecisionTreeClassifier,0.0004494569730013609,0.0004481129999973632,[0.68120172 0.86648932],0.8117968987534205
0,adult,Identity,BinaryAdaBoostClassifier,0.0004494569730013609,0.0004481129999973632,[0.66965762 0.90973611],0.8582142495185974
0,adult,Identity,BinaryLogisticRegression,0.0004494569730013609,0.0004481129999973632,[0.66691477 0.87534819],0.8185872098915578
0,adult,Identity,BinaryMLPClassifier,0.0004494569730013609,0.0004481129999973632,[0.62922932 0.89804884],0.8400729705077531
