,dataset,model,classifier,wall_time,process_time,accuracy_score,f1_micro,f1_macro
0,covtype,Identity,BinaryDecisionTreeClassifier,0.026450291043147445,0.0263442280001982,0.7868163955081348,0.7868163955081348,0.7269937449721183
0,covtype,Identity,BinaryMLPClassifier,0.026450291043147445,0.0263442280001982,0.8228153155405338,0.8228153155405338,0.7277594388039653
