,dataset,model,classifier,wall_time,process_time,f1_none,accuracy_score
0,census,TVAE,BinaryDecisionTreeClassifier,1788.0605475001503,7494.590915198999,[0.39151033 0.92766552],0.8707014576789884
0,census,TVAE,BinaryAdaBoostClassifier,1788.0605475001503,7494.590915198999,[0.47182958 0.97187026],0.9465853265684143
0,census,TVAE,BinaryMLPClassifier,1788.0605475001503,7494.590915198999,[0.39447948 0.96471014],0.9333071595393412
