,dataset,model,classifier,wall_time,process_time,accuracy_score,f1_micro,f1_macro
0,mnist12,TVAE,BinaryDecisionTreeClassifier,1132.2061574980617,1520.5687745520045,0.4486,0.4486,0.4327924083570368
0,mnist12,TVAE,BinaryLogisticRegression,1132.2061574980617,1520.5687745520045,0.4757,0.4757,0.45922917041846045
0,mnist12,TVAE,BinaryMLPClassifier,1132.2061574980617,1520.5687745520045,0.4186,0.4186,0.4059484678253472
