,dataset,model,classifier,wall_time,process_time,accuracy_score,f1_micro,f1_macro
0,intrusion,TVAE,BinaryDecisionTreeClassifier,186.6676988399122,759.1853806030003,0.9832033593281344,0.9832033593281344,0.973849222356685
0,intrusion,TVAE,BinaryMLPClassifier,186.6676988399122,759.1853806030003,0.9884023195360928,0.9884023195360928,0.9816545686928115
0,intrusion,TVAE,BinaryDecisionTreeClassifier,180.5408791829832,705.8927238000001,0.9808038392321535,0.9808038392321535,0.9700687831453114
0,intrusion,TVAE,BinaryMLPClassifier,180.5408791829832,705.8927238000001,0.99000199960008,0.99000199960008,0.9844571972158833
0,intrusion,TVAE,BinaryDecisionTreeClassifier,189.82594749995042,782.198502923,0.9866026794641072,0.9866026794641072,0.9798714275699212
0,intrusion,TVAE,BinaryMLPClassifier,189.82594749995042,782.198502923,0.9898020395920816,0.9898020395920816,0.9845488671586413
