,dataset,model,classifier,wall_time,process_time,accuracy_score,f1_micro,f1_macro
0,covtype,TVAE,BinaryDecisionTreeClassifier,4650.5886849670205,14664.824661085002,0.6137815865524034,0.6137815865524034,0.35880515647439687
0,covtype,TVAE,BinaryMLPClassifier,4650.5886849670205,14664.824661085002,0.6195314140575783,0.6195314140575783,0.34565747731423924
