,dataset,model,classifier,wall_time,process_time,accuracy_score,f1_micro,f1_macro
0,covtype,TVAE,BinaryDecisionTreeClassifier,4628.369086141,14343.437154601,0.6256512304630861,0.6256512304630861,0.35321981027090843
0,covtype,TVAE,BinaryMLPClassifier,4628.369086141,14343.437154601,0.46841594752157434,0.46841594752157434,0.19961975292779274
