,dataset,model,classifier,wall_time,process_time,accuracy_score,f1_micro,f1_macro
0,mnist12,TVAE,BinaryDecisionTreeClassifier,1123.8023238829337,1520.8381162450096,0.4881,0.48810000000000003,0.47648376548797183
0,mnist12,TVAE,BinaryLogisticRegression,1123.8023238829337,1520.8381162450096,0.5354,0.5354,0.5226377745967331
0,mnist12,TVAE,BinaryMLPClassifier,1123.8023238829337,1520.8381162450096,0.5599,0.5599,0.5512800211227524
