,dataset,model,classifier,wall_time,process_time,accuracy_score,f1_micro,f1_macro
0,intrusion,TVAE,BinaryDecisionTreeClassifier,3665.0586515099276,12139.672730788,0.9947502624868757,0.9947502624868757,0.9920641208452041
0,intrusion,TVAE,BinaryMLPClassifier,3665.0586515099276,12139.672730788,0.9961501924903755,0.9961501924903755,0.9941473236704002
