,dataset,model,classifier,wall_time,process_time,f1_none,accuracy_score
0,adult,TVAE,BinaryDecisionTreeClassifier,113.36641144589521,642.917881653,[0.59734437 0.83243631],0.763352589439546
0,adult,TVAE,BinaryAdaBoostClassifier,113.36641144589521,642.917881653,[0.64596774 0.88114255],0.8220330394243438
0,adult,TVAE,BinaryLogisticRegression,113.36641144589521,642.917881653,[0.62732175 0.80946546],0.7478463565420087
0,adult,TVAE,BinaryMLPClassifier,113.36641144589521,642.917881653,[0.64702571 0.86942034],0.8093645484949833
