,dataset,model,classifier,wall_time,process_time,f1_none,accuracy_score
0,census,CTGAN,BinaryDecisionTreeClassifier,4537.542711536866,9769.77557235,[0.42894818 0.96037248],0.925887895626963
0,census,CTGAN,BinaryAdaBoostClassifier,4537.542711536866,9769.77557235,[0.25690834 0.97161401],0.9453169042441814
0,census,CTGAN,BinaryMLPClassifier,4537.542711536866,9769.77557235,[0.28454749 0.9715775 ],0.9453269710880244
