,dataset,model,classifier,wall_time,process_time,accuracy_score,f1_micro,f1_macro
0,covtype,CTGAN,BinaryDecisionTreeClassifier,12994.96929494408,23593.461593464,0.47196584102476924,0.47196584102476924,0.2823717585380651
0,covtype,CTGAN,BinaryMLPClassifier,12994.96929494408,23593.461593464,0.49728508144755657,0.49728508144755657,0.24507370476437743
