,dataset,model,classifier,wall_time,process_time,f1_none,accuracy_score
0,adult,CTGAN,BinaryDecisionTreeClassifier,279.40554624493234,808.032067982,[0.59567901 0.85594502],0.7875747440964832
0,adult,CTGAN,BinaryAdaBoostClassifier,279.40554624493234,808.032067982,[0.45676804 0.88876679],0.8153440762136415
0,adult,CTGAN,BinaryLogisticRegression,279.40554624493234,808.032067982,[0.63222256 0.81761674],0.7561568865916692
0,adult,CTGAN,BinaryMLPClassifier,279.40554624493234,808.032067982,[0.51805252 0.89040925],0.8214249518597345
