,dataset,model,classifier,wall_time,process_time,f1_none,accuracy_score
0,census,CTGAN,BinaryDecisionTreeClassifier,4512.992611435009,10445.302907735,[0.36567978 0.91347969],0.8477289200289925
0,census,CTGAN,BinaryAdaBoostClassifier,4512.992611435009,10445.302907735,[0.46439184 0.97233118],0.9473806072320207
0,census,CTGAN,BinaryMLPClassifier,4512.992611435009,10445.302907735,[0.47316646 0.97129057],0.9455484416525731
