,dataset,model,classifier,wall_time,process_time,accuracy_score,f1_micro,f1_macro
0,intrusion,CTGAN,BinaryDecisionTreeClassifier,8432.340077427914,16786.053660000995,0.991950402479876,0.991950402479876,0.9878801598801106
0,intrusion,CTGAN,BinaryMLPClassifier,8432.340077427914,16786.053660000995,0.992060396980151,0.992060396980151,0.9880376289224376
