,dataset,model,classifier,wall_time,process_time,f1_none,accuracy_score
0,census,gen_rf,BinaryDecisionTreeClassifier,225.28838829416782,1180.087090214,[0.31671943 0.86308132],0.771875251671096
0,census,gen_rf,BinaryAdaBoostClassifier,225.28838829416782,1180.087090214,[0.09253547 0.96938414],0.9407666908270919
0,census,gen_rf,BinaryMLPClassifier,225.28838829416782,1180.087090214,[0.21560011 0.97015518],0.9424981879681082
