,dataset,model,classifier,wall_time,process_time,f1_none,accuracy_score
0,adult,gen_rf,BinaryDecisionTreeClassifier,24.333126947982237,48.076888671000006,[0.64473684 0.86369373],0.8029796290665856
0,adult,gen_rf,BinaryAdaBoostClassifier,24.333126947982237,48.076888671000006,[0.65282749 0.90638873],0.8525387655822438
0,adult,gen_rf,BinaryLogisticRegression,24.333126947982237,48.076888671000006,[0.66622886 0.85098585],0.7939596635248809
0,adult,gen_rf,BinaryMLPClassifier,24.333126947982237,48.076888671000006,[0.61951342 0.90366419],0.846255194081281
