,dataset,model,classifier,wall_time,process_time,f1_none,accuracy_score
0,credit,Identity,BinaryDecisionTreeClassifier,0.006528301164507866,0.0065223399997194065,[0.99644271 0.2755102 ],0.9929201774941417
0,credit,Identity,BinaryAdaBoostClassifier,0.006528301164507866,0.0065223399997194065,[0.99952553 0.72463768],0.9990526998055542
0,credit,Identity,BinaryMLPClassifier,0.006528301164507866,0.0065223399997194065,[0.99967538 0.80597015],0.9993518472353792
