,dataset,model,classifier,wall_time,process_time,f1_none,accuracy_score
0,census,Identity,BinaryDecisionTreeClassifier,0.014866000972688198,0.683475154000007,[0.42766978 0.92223251],0.8630707900459048
0,census,Identity,BinaryAdaBoostClassifier,0.014866000972688198,0.683475154000007,[0.50600397 0.97498083],0.9523737617782073
0,census,Identity,BinaryMLPClassifier,0.014866000972688198,0.683475154000007,[0.51520131 0.975018  ],0.9524844970604815
