,dataset,model,classifier,wall_time,process_time,f1_none,accuracy_score
0,credit,TVAE,BinaryDecisionTreeClassifier,3587.65323216212,16138.670534418005,[0.99912672 0.        ],0.9982549733260209
0,credit,TVAE,BinaryAdaBoostClassifier,3587.65323216212,16138.670534418005,[0.99912672 0.        ],0.9982549733260209
0,credit,TVAE,BinaryMLPClassifier,3587.65323216212,16138.670534418005,[0.99912672 0.        ],0.9982549733260209
