,dataset,model,classifier,wall_time,process_time,f1_none,accuracy_score
0,census,TVAE,BinaryDecisionTreeClassifier,1754.358328789007,7420.188592748,[0.41110076 0.93658493],0.8854997181283724
0,census,TVAE,BinaryAdaBoostClassifier,1754.358328789007,7420.188592748,[0.43572891 0.97234821],0.9472799387935894
0,census,TVAE,BinaryMLPClassifier,1754.358328789007,7420.188592748,[0.24145617 0.96785872],0.9383305146170573
