,dataset,model,classifier,wall_time,process_time,f1_none,accuracy_score
0,credit,TVAE,BinaryDecisionTreeClassifier,3594.285913964035,16418.569860882002,[0.99912672 0.        ],0.9982549733260209
0,credit,TVAE,BinaryAdaBoostClassifier,3594.285913964035,16418.569860882002,[0.99912672 0.        ],0.9982549733260209
0,credit,TVAE,BinaryMLPClassifier,3594.285913964035,16418.569860882002,[0.99912672 0.        ],0.9982549733260209
