,dataset,model,classifier,wall_time,process_time,accuracy_score,f1_micro,f1_macro
0,mnist12,TVAE,BinaryDecisionTreeClassifier,1116.6675900858827,1510.633497222996,0.4486,0.4486,0.4327924083570368
0,mnist12,TVAE,BinaryLogisticRegression,1116.6675900858827,1510.633497222996,0.4757,0.4757,0.45922917041846045
0,mnist12,TVAE,BinaryMLPClassifier,1116.6675900858827,1510.633497222996,0.4186,0.4186,0.4059484678253472
