,dataset,model,wall_time,process_time
0,4,CTGAN,575.6115498399595,13210.498490933998
0,6,CTGAN,639.1112676989287,13891.014060760994
0,8,CTGAN,758.0264237360097,16135.180046729976
0,10,CTGAN,873.2880253299372,18480.822002017987
0,12,CTGAN,929.6277863879222,19566.229788956
0,2,CTGAN,478.2145324209705,10888.485271104
0,4,CTGAN,568.7145374099491,12407.739548338985
