,dataset,model,wall_time,process_time
0,6,CTGAN,650.330940061016,14319.607339707
0,8,CTGAN,736.5921746729873,16094.395627034974
0,10,CTGAN,842.1150377700105,17905.17318204802
0,12,CTGAN,929.8113533930155,19505.885583452007
0,2,CTGAN,480.3787087710807,10852.658255341987
0,4,CTGAN,540.2237070529955,11956.22824198805
0,6,CTGAN,672.3056984730065,14455.874557225965
