,dataset,model,wall_time,process_time
0,2,CTGAN,490.4127450210508,11008.440527215
0,4,CTGAN,543.1849249040242,12214.862460323002
0,6,CTGAN,634.143780297949,13733.506886201001
0,8,CTGAN,791.025001137983,17281.055569758006
0,10,CTGAN,873.1842192759505,18596.292521363997
0,12,CTGAN,978.3985744439997,20966.775891844998
0,2,CTGAN,482.1143528149696,10876.806098261004
