,dataset,model,wall_time,process_time
0,8,CTGAN,794.7366466280073,17571.017466788006
0,10,CTGAN,895.0671796139795,19803.057882655005
0,12,CTGAN,971.2772526771296,20827.99560650799
0,2,CTGAN,478.98060943116434,10732.478933078004
0,4,CTGAN,558.073305556085,12577.084506994986
0,6,CTGAN,641.4908493489493,13924.512293304026
0,8,CTGAN,778.4064466790296,17352.27979247499
