,dataset,model,wall_time,process_time
0,10,CTGAN,958.6157766329125,20696.295479701017
0,12,CTGAN,949.9742745880503,20141.070378542005
0,14,CTGAN,1115.81419063895,23724.590875291964
0,14,CTGAN,1106.998671444133,23587.83893422602
0,14,CTGAN,1105.4304819419049,23512.76870052202
0,14,CTGAN,1107.5888552879915,23590.322833070066
0,14,CTGAN,1108.2241015159525,23619.145944633987
