model,adult.accuracy_score,adult.f1_none,census.accuracy_score,census.f1_none,credit.accuracy_score,credit.f1_none,covtype.accuracy_score,covtype.f1_micro,covtype.f1_macro,mnist12.accuracy_score,mnist12.f1_micro,mnist12.f1_macro,instrusion.accuracy_score,instrusion.f1_micro,instrusion.f1_macro
CTGAN,0.8096337842296272,[0.62987879 0.87130984],0.889223359422035,[0.12670476 0.93823979],0.8680851063829786,[0.92803479 0.        ],0.2862950058072009,0.2862950058072009,0.08783791390838776,0.08794028458129227,0.08794028458129227,0.07386288160276445,0.9708641975308643,0.9708641975308643,0.9532331602342764
ID,0.8366875618607721,[0.67031292 0.89103554],0.9277543648404576,[0.39633774 0.96122779],0.9990543735224587,[0.99952685 0.33333333],0.7415795586527294,0.7415795586527294,0.546456734685346,0.815022160018661,0.815022160018661,0.8114954979755945,0.9948148148148148,0.9948148148148148,0.9919139689391563
TVAE,0.796849224678324,[0.61502172 0.86133816],0.9422034918723661,[0.20740222 0.96999825],1.0,[1.],0.6295005807200929,0.6295005807200929,0.3586186245603009,0.37158852344296706,0.37158852344296706,0.3580193522624828,0.9839506172839506,0.9839506172839506,0.9749311474513815
grf,0.8183767733421313,[0.64309658 0.87655743],0.939092915914108,[0.22000741 0.96823317],1.0,[1.],0.4102787456445993,0.4102787456445993,0.22442784243431427,0.543503615581992,0.543503615581992,0.37675187677166533,0.991111111111111,0.991111111111111,0.9862048144656632
grf_oob,0.8154899373144178,[0.62996144 0.87511211],0.9060806742925949,[0.19499479 0.94837073],1.0,[1.],0.40882694541231124,0.40882694541231124,0.2191717145331603,0.57592722183345,0.57592722183345,0.41475427081712074,0.991111111111111,0.9911111111111112,0.9859608999016067
