;model;adult.accuracy;adult.f1_1;adult.f1_2;census.accuracy;census.f1_1;census.f1_2;covtype.accuracy;covtype.f1_micro;covtype.f1_macro;credit.accuracy;credit.f1_1;credit.f1_2;intrusion.accuracy;intrusion.f1_micro;intrusion.f1_macro;mnist12.accuracy;mnist12.f1_micro;mnist12.f1_macro;mnist28.accuracy;mnist28.f1_micro;mnist28.f1_macro
1;CTGAN;0.785796766743649;0.5833391075;0.8537097675;0.853012048192771;0.226541196666667;0.914067476666667;0.307491289198606;0.307491289198606;0.0963156973628075;0.978723404255319;0.989175093333333;0.180235533333333;0.954074074074074;0.954074074074074;0.927542132407118;0.107534406344763;0.107534406344763;0.0956049314418709;0.0893398647072545;0.0893398647072545;0.0828146428701507
2;Generative Random Forest;0.81680963378423;0.6399191125;0.8757992575;0.8785140562249;0.163507766666667;0.930018126666667;0.417828106852497;0.417828106852497;0.248558507841413;0.999527186761229;0.99976309;0.88888889;0.996049382716049;0.996049382716049;0.994075352429402;0.549101936085841;0.549101936085841;0.401350424715035;0.361558199206905;0.361558199206905;0.229538151287775
3;Identity;0.831656219069614;0.6741600225;0.8859957025;0.931325301204819;0.429592113333333;0.963294903333333;0.714576074332172;0.714576074332172;0.527291695405689;1;1;1;0.998765432098765;0.998765432098765;0.998158723007259;0.82925122463261;0.82925122463261;0.827285698589506;0.861908094238395;0.861908094238395;0.858002827271916
4;TVAE;0.792725173210162;0.62257718;0.85571869;0.923795180722892;0.23550425;0.95968384;0.635598141695703;0.635598141695703;0.379760407659927;0.998581560283688;0.99929028;0;0.986172839506173;0.986172839506173;0.979264802441085;0.382785164450665;0.382785164450665;0.375840054827766;0.261721483554934;0.261721483554934;0.224210088248942