,dataset,model,wall_time,process_time
0,1000,CTGAN,32.610998786985874,705.4662798300051
0,1645,CTGAN,48.51397806004388,1043.8294750649948
0,2705,CTGAN,81.1584610309801,1747.8910606680001
0,4449,CTGAN,130.25716040399857,2778.6014509559973
0,7318,CTGAN,233.5018730390002,4942.445797416993
0,12036,CTGAN,392.81695836101426,8392.667840851005
0,19797,CTGAN,657.7389362770482,14008.491319135006
0,32561,CTGAN,1100.0293896230287,23425.477761215006
