,dataset,model,wall_time,process_time
0,1000,CTGAN,32.011661277967505,693.0358034530072
0,1645,CTGAN,48.78796867298661,1045.1430735540052
0,2705,CTGAN,82.27247755299322,1774.0775972800038
0,4449,CTGAN,130.3546029930003,2781.7422062379774
0,7318,CTGAN,228.59555045503657,4860.280759957008
0,12036,CTGAN,393.6293921809993,8406.394236727996
0,19797,CTGAN,660.4568395200185,14049.873756766
0,32561,CTGAN,1100.2840554320137,23384.254323989968
