,dataset,model,wall_time,process_time
0,1000,CTGAN,32.397096395958215,702.8583174090018
0,1645,CTGAN,48.28076890995726,1043.4034389860026
0,2705,CTGAN,81.01039249100722,1741.4200586660008
0,4449,CTGAN,130.88117089984007,2784.726116115009
0,7318,CTGAN,226.15392740094103,4806.057865159004
0,12036,CTGAN,404.869953928981,8633.54862161001
0,19797,CTGAN,639.4282571179792,13650.510348298005
0,32561,CTGAN,1100.4427880360745,23443.223875933996
