,dataset,model,wall_time,process_time
0,1000,CTGAN,32.36946814204566,700.031721186002
0,1645,CTGAN,48.53185710683465,1044.7840123679998
0,2705,CTGAN,81.03927396191284,1746.1272890100008
0,4449,CTGAN,130.53177073411644,2787.7685975429995
0,7318,CTGAN,234.10100191016681,4966.526123242002
0,12036,CTGAN,392.6592683130875,8385.778746930999
0,19797,CTGAN,658.515752823092,14034.909404168997
0,32561,CTGAN,1098.9119215330575,23409.617937435003
