,dataset,model,wall_time,process_time
0,1000,CTGAN,31.769033475022297,681.8344935839996
0,1645,CTGAN,48.87005857704207,1049.9669645139948
0,2705,CTGAN,81.94574763998389,1757.2371690189757
0,4449,CTGAN,135.14868646097602,2876.3593703340157
0,7318,CTGAN,237.20869806100382,5034.021481959004
0,12036,CTGAN,403.67837852897355,8580.311669758987
0,19797,CTGAN,660.18625960598,14018.569026409998
0,32561,CTGAN,1100.8587853739737,23431.55246508002
