,dataset,model,wall_time,process_time
0,1000,CTGAN,32.481398842006456,701.9910464670102
0,1645,CTGAN,48.37354643299477,1043.5654600619891
0,2705,CTGAN,80.81940283603035,1732.169809908999
0,4449,CTGAN,131.03486269997666,2789.0320361549966
0,7318,CTGAN,226.51244829699863,4806.853313807005
0,12036,CTGAN,404.9526681160205,8629.168781714994
0,19797,CTGAN,639.2813787680352,13641.535069311009
0,32561,CTGAN,1101.6156211630441,23451.219073415996
