,dataset,model,wall_time,process_time
0,1000,CTGAN,37.17824965104228,807.4442914159999
0,1645,CTGAN,57.82775610301178,1264.9988119089999
0,2705,CTGAN,91.70471443497809,1965.3727782189999
0,4449,CTGAN,133.90925469400827,2843.9853253210003
0,7318,CTGAN,233.62263724399963,4949.399044096999
0,12036,CTGAN,392.99807518796297,8415.428398325
0,19797,CTGAN,657.92756357498,14024.47782859
0,32561,CTGAN,1092.955834747001,23231.76760968
