,dataset,model,classifier,wall_time,process_time,accuracy_score,f1_micro,f1_macro
0,mnist28,CTGAN,BinaryDecisionTreeClassifier,13573.538558209082,15219.197551575999,0.1476,0.1476,0.14060892215618295
0,mnist28,CTGAN,BinaryLogisticRegression,13573.538558209082,15219.197551575999,0.1724,0.1724,0.15964937920721955
0,mnist28,CTGAN,BinaryMLPClassifier,13573.538558209082,15219.197551575999,0.1384,0.1384,0.12206267292544307
