,dataset,model,classifier,wall_time,process_time,accuracy_score,f1_micro,f1_macro
0,mnist12,CTGAN,BinaryDecisionTreeClassifier,2650.877794842003,2992.3391686810064,0.1736,0.1736,0.17036504445327214
0,mnist12,CTGAN,BinaryLogisticRegression,2650.877794842003,2992.3391686810064,0.2811,0.2811,0.227560627866883
0,mnist12,CTGAN,BinaryMLPClassifier,2650.877794842003,2992.3391686810064,0.2227,0.22270000000000004,0.18027625329003183
