,dataset,model,classifier,wall_time,process_time,f1_none,accuracy_score
0,adult,CTGAN,BinaryDecisionTreeClassifier,326.0804636569228,825.158487725,[0.59567901 0.85594502],0.7875747440964832
0,adult,CTGAN,BinaryAdaBoostClassifier,326.0804636569228,825.158487725,[0.45676804 0.88876679],0.8153440762136415
0,adult,CTGAN,BinaryLogisticRegression,326.0804636569228,825.158487725,[0.63222256 0.81761674],0.7561568865916692
0,adult,CTGAN,BinaryMLPClassifier,326.0804636569228,825.158487725,[0.51805252 0.89040925],0.8214249518597345
