,dataset,model,classifier,wall_time,process_time,accuracy_score,f1_micro,f1_macro
0,covtype,CTGAN,BinaryDecisionTreeClassifier,13074.894061761908,23469.907275552,0.4595462136135916,0.4595462136135916,0.2648750181050821
0,covtype,CTGAN,BinaryMLPClassifier,13074.894061761908,23469.907275552,0.4264472065838025,0.42644720658380253,0.1381114788304459
