,dataset,model,classifier,wall_time,process_time,f1_none,accuracy_score
0,credit,CTGAN,BinaryDecisionTreeClassifier,5178.5022476059385,17405.293479688997,[0.91834089 0.01881895],0.8492296953682006
0,credit,CTGAN,BinaryAdaBoostClassifier,5178.5022476059385,17405.293479688997,[0.95420126 0.03414097],0.9125492346811587
0,credit,CTGAN,BinaryMLPClassifier,5178.5022476059385,17405.293479688997,[0.95895823 0.03778184],0.9212743680510544
