,dataset,model,classifier,wall_time,process_time,f1_none,accuracy_score
0,adult,gen_rf,BinaryDecisionTreeClassifier,22.861792854964733,47.10682480999999,[0.64394516 0.87087419],0.810479375696767
0,adult,gen_rf,BinaryAdaBoostClassifier,22.861792854964733,47.10682480999999,[0.65501771 0.90573585],0.8519306780176346
0,adult,gen_rf,BinaryLogisticRegression,22.861792854964733,47.10682480999999,[0.66039267 0.84577408],0.7878787878787878
0,adult,gen_rf,BinaryMLPClassifier,22.861792854964733,47.10682480999999,[0.60632111 0.90132455],0.8422012769838857
