,dataset,model,classifier,wall_time,process_time,accuracy_score,f1_micro,f1_macro
0,intrusion,Identity,BinaryDecisionTreeClassifier,0.017850755946710706,0.8208638800006156,0.9999600019999,0.9999600019999,0.999939215672147
0,intrusion,Identity,BinaryMLPClassifier,0.017850755946710706,0.8208638800006156,0.99990000499975,0.99990000499975,0.9998480229732356
