,dataset,model,classifier,wall_time,process_time,f1_none,accuracy_score
0,adult,TVAE,BinaryDecisionTreeClassifier,119.18409670703113,664.54341266,[0.59854015 0.83476395],0.7658862876254181
0,adult,TVAE,BinaryAdaBoostClassifier,119.18409670703113,664.54341266,[0.64243743 0.89147236],0.8334853552244856
0,adult,TVAE,BinaryLogisticRegression,119.18409670703113,664.54341266,[0.61921279 0.80729604],0.744096483226918
0,adult,TVAE,BinaryMLPClassifier,119.18409670703113,664.54341266,[0.57393209 0.87177797],0.8028782811391507
