,dataset,model,classifier,wall_time,process_time,f1_none,accuracy_score
0,census,TVAE,BinaryDecisionTreeClassifier,1988.4820953528397,6428.430940657,[0.42363597 0.95734156],0.9205625352339535
0,census,TVAE,BinaryAdaBoostClassifier,1988.4820953528397,6428.430940657,[0.31176323 0.97122151],0.9447531609889668
0,census,TVAE,BinaryMLPClassifier,1988.4820953528397,6428.430940657,[0.18648755 0.96767306],0.9378171055810582
