,dataset,model,classifier,wall_time,process_time,accuracy_score,f1_micro,f1_macro
0,intrusion,TVAE,BinaryDecisionTreeClassifier,3952.214758011978,12420.574254448002,0.9930403479826009,0.9930403479826009,0.9895049196016191
0,intrusion,TVAE,BinaryMLPClassifier,3952.214758011978,12420.574254448002,0.9909804509774511,0.9909804509774511,0.986380009151524
